[
{
    "fields": {
        "model": "logentry",
        "name": "log entry",
        "app_label": "admin"
    },
    "model": "contenttypes.contenttype",
    "pk": 1
},
{
    "fields": {
        "model": "permission",
        "name": "permission",
        "app_label": "auth"
    },
    "model": "contenttypes.contenttype",
    "pk": 2
},
{
    "fields": {
        "model": "group",
        "name": "group",
        "app_label": "auth"
    },
    "model": "contenttypes.contenttype",
    "pk": 3
},
{
    "fields": {
        "model": "user",
        "name": "user",
        "app_label": "auth"
    },
    "model": "contenttypes.contenttype",
    "pk": 4
},
{
    "fields": {
        "model": "contenttype",
        "name": "content type",
        "app_label": "contenttypes"
    },
    "model": "contenttypes.contenttype",
    "pk": 5
},
{
    "fields": {
        "model": "session",
        "name": "session",
        "app_label": "sessions"
    },
    "model": "contenttypes.contenttype",
    "pk": 6
},
{
    "fields": {
        "model": "constructorcompany",
        "name": "constructor company",
        "app_label": "watchapp"
    },
    "model": "contenttypes.contenttype",
    "pk": 7
},
{
    "fields": {
        "model": "property",
        "name": "property",
        "app_label": "watchapp"
    },
    "model": "contenttypes.contenttype",
    "pk": 8
},
{
    "fields": {
        "model": "userprofile",
        "name": "user profile",
        "app_label": "watchapp"
    },
    "model": "contenttypes.contenttype",
    "pk": 9
},
{
    "fields": {
        "model": "sensor",
        "name": "sensor",
        "app_label": "watchapp"
    },
    "model": "contenttypes.contenttype",
    "pk": 10
},
{
    "fields": {
        "model": "event",
        "name": "event",
        "app_label": "watchapp"
    },
    "model": "contenttypes.contenttype",
    "pk": 11
},
{
    "fields": {
        "name": "Edificio Aja, Apto 305",
        "constructor_company": 1,
        "is_secure_mode": true,
        "fixed_phone": "5555555",
        "plan": "http://u.jimdo.com/www50/o/sc0adaf48dd3c1e00/img/if7c260c96478fccb/1338564363/std/distribuci%C3%B3n-apartamento.png",
        "address": "Carrera 15 79-25"
    },
    "model": "watchapp.property",
    "pk": 1
},
{
    "fields": {
        "name": "Edificio Aja, Apto 304",
        "constructor_company": 1,
        "is_secure_mode": true,
        "fixed_phone": "4444444",
        "plan": "http://u.jimdo.com/www50/o/sc0adaf48dd3c1e00/img/if7c260c96478fccb/1338564363/std/distribuci%C3%B3n-apartamento.png",
        "address": "Carrera 15 79-25"
    },
    "model": "watchapp.property",
    "pk": 2
},
{
    "fields": {
        "name": "Edificio Aja, Apto 303",
        "constructor_company": 1,
        "is_secure_mode": true,
        "fixed_phone": "3333333",
        "plan": "http://u.jimdo.com/www50/o/sc0adaf48dd3c1e00/img/if7c260c96478fccb/1338564363/std/distribuci%C3%B3n-apartamento.png",
        "address": "Carrera 15 79-25"
    },
    "model": "watchapp.property",
    "pk": 3
},
{
    "fields": {
        "name": "Edificio Aja, Apto 302",
        "constructor_company": 1,
        "is_secure_mode": true,
        "fixed_phone": "2222222",
        "plan": "http://u.jimdo.com/www50/o/sc0adaf48dd3c1e00/img/if7c260c96478fccb/1338564363/std/distribuci%C3%B3n-apartamento.png",
        "address": "Carrera 15 79-25"
    },
    "model": "watchapp.property",
    "pk": 4
},
{
    "fields": {
        "name": "Edificio Aja, Apto 301",
        "constructor_company": 1,
        "is_secure_mode": true,
        "fixed_phone": "1111111",
        "plan": "http://u.jimdo.com/www50/o/sc0adaf48dd3c1e00/img/if7c260c96478fccb/1338564363/std/distribuci%C3%B3n-apartamento.png",
        "address": "Carrera 15 79-25"
    },
    "model": "watchapp.property",
    "pk": 5
},
{
    "fields": {
        "code": "m-28",
        "description": "Sensor de Movimiento",
        "location_in_plan": "4",
        "value": "2",
        "property": 1,
        "type": "0",
        "is_discrete": true
    },
    "model": "watchapp.sensor",
    "pk": 1
},
{
    "fields": {
        "code": "l-26",
        "description": "Actuador de Luz",
        "location_in_plan": "291",
        "value": "1",
        "property": 1,
        "type": "1",
        "is_discrete": true
    },
    "model": "watchapp.sensor",
    "pk": 2
},
{
    "fields": {
        "code": "p-21",
        "description": "Sensor de Puertas",
        "location_in_plan": "177",
        "value": "0",
        "property": 1,
        "type": "0",
        "is_discrete": true
    },
    "model": "watchapp.sensor",
    "pk": 3
},
{
    "fields": {
        "code": "h-24",
        "description": "Sensor de Humo",
        "location_in_plan": "58",
        "value": "0",
        "property": 1,
        "type": "0",
        "is_discrete": true
    },
    "model": "watchapp.sensor",
    "pk": 4
},
{
    "fields": {
        "code": "p-21",
        "description": "Sensor de Puertas",
        "location_in_plan": "109",
        "value": "4",
        "property": 1,
        "type": "0",
        "is_discrete": true
    },
    "model": "watchapp.sensor",
    "pk": 5
},
{
    "fields": {
        "code": "t-27",
        "description": "Actuador de Temperatura",
        "location_in_plan": "51",
        "value": "1",
        "property": 1,
        "type": "1",
        "is_discrete": true
    },
    "model": "watchapp.sensor",
    "pk": 6
},
{
    "fields": {
        "code": "m-28",
        "description": "Sensor de Movimiento",
        "location_in_plan": "4",
        "value": "2",
        "property": 2,
        "type": "0",
        "is_discrete": true
    },
    "model": "watchapp.sensor",
    "pk": 7
},
{
    "fields": {
        "code": "l-26",
        "description": "Actuador de Luz",
        "location_in_plan": "292",
        "value": "2",
        "property": 2,
        "type": "2",
        "is_discrete": true
    },
    "model": "watchapp.sensor",
    "pk": 8
},
{
    "fields": {
        "code": "p-22",
        "description": "Sensor de Puertas",
        "location_in_plan": "277",
        "value": "0",
        "property": 2,
        "type": "0",
        "is_discrete": true
    },
    "model": "watchapp.sensor",
    "pk": 9
},
{
    "fields": {
        "code": "h-24",
        "description": "Sensor de Humo",
        "location_in_plan": "58",
        "value": "0",
        "property": 2,
        "type": "0",
        "is_discrete": true
    },
    "model": "watchapp.sensor",
    "pk": 10
},
{
    "fields": {
        "code": "p-22",
        "description": "Sensor de Puertas",
        "location_in_plan": "209",
        "value": "4",
        "property": 2,
        "type": "0",
        "is_discrete": true
    },
    "model": "watchapp.sensor",
    "pk": 11
},
{
    "fields": {
        "code": "t-27",
        "description": "Actuador de Temperatura",
        "location_in_plan": "52",
        "value": "2",
        "property": 2,
        "type": "2",
        "is_discrete": true
    },
    "model": "watchapp.sensor",
    "pk": 12
},
{
    "fields": {
        "code": "m-28",
        "description": "Sensor de Movimiento",
        "location_in_plan": "4",
        "value": "2",
        "property": 3,
        "type": "0",
        "is_discrete": true
    },
    "model": "watchapp.sensor",
    "pk": 13
},
{
    "fields": {
        "code": "l-26",
        "description": "Actuador de Luz",
        "location_in_plan": "293",
        "value": "3",
        "property": 3,
        "type": "1",
        "is_discrete": true
    },
    "model": "watchapp.sensor",
    "pk": 14
},
{
    "fields": {
        "code": "p-23",
        "description": "Sensor de Puertas",
        "location_in_plan": "177",
        "value": "0",
        "property": 3,
        "type": "0",
        "is_discrete": true
    },
    "model": "watchapp.sensor",
    "pk": 15
},
{
    "fields": {
        "code": "h-24",
        "description": "Sensor de Humo",
        "location_in_plan": "58",
        "value": "0",
        "property": 3,
        "type": "0",
        "is_discrete": true
    },
    "model": "watchapp.sensor",
    "pk": 16
},
{
    "fields": {
        "code": "p-21",
        "description": "Sensor de Puertas",
        "location_in_plan": "109",
        "value": "4",
        "property": 3,
        "type": "0",
        "is_discrete": true
    },
    "model": "watchapp.sensor",
    "pk": 17
},
{
    "fields": {
        "code": "t-27",
        "description": "Actuador de Temperatura",
        "location_in_plan": "51",
        "value": "3",
        "property": 3,
        "type": "1",
        "is_discrete": true
    },
    "model": "watchapp.sensor",
    "pk": 18
},
{
    "fields": {
        "code": "m-28",
        "description": "Sensor de Movimiento",
        "location_in_plan": "4",
        "value": "2",
        "property": 4,
        "type": "0",
        "is_discrete": true
    },
    "model": "watchapp.sensor",
    "pk": 19
},
{
    "fields": {
        "code": "l-26",
        "description": "Actuador de Luz",
        "location_in_plan": "294",
        "value": "4",
        "property": 4,
        "type": "1",
        "is_discrete": true
    },
    "model": "watchapp.sensor",
    "pk": 20
},
{
    "fields": {
        "code": "p-24",
        "description": "Sensor de Puertas",
        "location_in_plan": "177",
        "value": "0",
        "property": 4,
        "type": "0",
        "is_discrete": true
    },
    "model": "watchapp.sensor",
    "pk": 21
},
{
    "fields": {
        "code": "h-24",
        "description": "Sensor de Humo",
        "location_in_plan": "58",
        "value": "0",
        "property": 4,
        "type": "0",
        "is_discrete": true
    },
    "model": "watchapp.sensor",
    "pk": 22
},
{
    "fields": {
        "code": "p-21",
        "description": "Sensor de Puertas",
        "location_in_plan": "109",
        "value": "4",
        "property": 4,
        "type": "0",
        "is_discrete": true
    },
    "model": "watchapp.sensor",
    "pk": 23
},
{
    "fields": {
        "code": "t-27",
        "description": "Actuador de Temperatura",
        "location_in_plan": "51",
        "value": "4",
        "property": 4,
        "type": "1",
        "is_discrete": true
    },
    "model": "watchapp.sensor",
    "pk": 24
},
{
    "fields": {
        "code": "m-28",
        "description": "Sensor de Movimiento",
        "location_in_plan": "5",
        "value": "2",
        "property": 5,
        "type": "0",
        "is_discrete": true
    },
    "model": "watchapp.sensor",
    "pk": 25
},
{
    "fields": {
        "code": "l-26",
        "description": "Actuador de Luz",
        "location_in_plan": "295",
        "value": "5",
        "property": 5,
        "type": "1",
        "is_discrete": true
    },
    "model": "watchapp.sensor",
    "pk": 26
},
{
    "fields": {
        "code": "p-25",
        "description": "Sensor de Puertas",
        "location_in_plan": "177",
        "value": "0",
        "property": 5,
        "type": "0",
        "is_discrete": true
    },
    "model": "watchapp.sensor",
    "pk": 27
},
{
    "fields": {
        "code": "h-25",
        "description": "Sensor de Humo",
        "location_in_plan": "58",
        "value": "0",
        "property": 5,
        "type": "0",
        "is_discrete": true
    },
    "model": "watchapp.sensor",
    "pk": 28
},
{
    "fields": {
        "code": "p-21",
        "description": "Sensor de Puertas",
        "location_in_plan": "109",
        "value": "5",
        "property": 5,
        "type": "0",
        "is_discrete": true
    },
    "model": "watchapp.sensor",
    "pk": 29
},
{
    "fields": {
        "code": "t-27",
        "description": "Actuador de Temperatura",
        "location_in_plan": "51",
        "value": "5",
        "property": 5,
        "type": "1",
        "is_discrete": true
    },
    "model": "watchapp.sensor",
    "pk": 30
},
{
    "fields": {
        "codename": "add_logentry",
        "name": "Can add log entry",
        "content_type": 1
    },
    "model": "auth.permission",
    "pk": 1
},
{
    "fields": {
        "codename": "change_logentry",
        "name": "Can change log entry",
        "content_type": 1
    },
    "model": "auth.permission",
    "pk": 2
},
{
    "fields": {
        "codename": "delete_logentry",
        "name": "Can delete log entry",
        "content_type": 1
    },
    "model": "auth.permission",
    "pk": 3
},
{
    "fields": {
        "codename": "add_permission",
        "name": "Can add permission",
        "content_type": 2
    },
    "model": "auth.permission",
    "pk": 4
},
{
    "fields": {
        "codename": "change_permission",
        "name": "Can change permission",
        "content_type": 2
    },
    "model": "auth.permission",
    "pk": 5
},
{
    "fields": {
        "codename": "delete_permission",
        "name": "Can delete permission",
        "content_type": 2
    },
    "model": "auth.permission",
    "pk": 6
},
{
    "fields": {
        "codename": "add_group",
        "name": "Can add group",
        "content_type": 3
    },
    "model": "auth.permission",
    "pk": 7
},
{
    "fields": {
        "codename": "change_group",
        "name": "Can change group",
        "content_type": 3
    },
    "model": "auth.permission",
    "pk": 8
},
{
    "fields": {
        "codename": "delete_group",
        "name": "Can delete group",
        "content_type": 3
    },
    "model": "auth.permission",
    "pk": 9
},
{
    "fields": {
        "codename": "add_user",
        "name": "Can add user",
        "content_type": 4
    },
    "model": "auth.permission",
    "pk": 10
},
{
    "fields": {
        "codename": "change_user",
        "name": "Can change user",
        "content_type": 4
    },
    "model": "auth.permission",
    "pk": 11
},
{
    "fields": {
        "codename": "delete_user",
        "name": "Can delete user",
        "content_type": 4
    },
    "model": "auth.permission",
    "pk": 12
},
{
    "fields": {
        "codename": "add_contenttype",
        "name": "Can add content type",
        "content_type": 5
    },
    "model": "auth.permission",
    "pk": 13
},
{
    "fields": {
        "codename": "change_contenttype",
        "name": "Can change content type",
        "content_type": 5
    },
    "model": "auth.permission",
    "pk": 14
},
{
    "fields": {
        "codename": "delete_contenttype",
        "name": "Can delete content type",
        "content_type": 5
    },
    "model": "auth.permission",
    "pk": 15
},
{
    "fields": {
        "codename": "add_session",
        "name": "Can add session",
        "content_type": 6
    },
    "model": "auth.permission",
    "pk": 16
},
{
    "fields": {
        "codename": "change_session",
        "name": "Can change session",
        "content_type": 6
    },
    "model": "auth.permission",
    "pk": 17
},
{
    "fields": {
        "codename": "delete_session",
        "name": "Can delete session",
        "content_type": 6
    },
    "model": "auth.permission",
    "pk": 18
},
{
    "fields": {
        "codename": "add_constructorcompany",
        "name": "Can add constructor company",
        "content_type": 7
    },
    "model": "auth.permission",
    "pk": 19
},
{
    "fields": {
        "codename": "change_constructorcompany",
        "name": "Can change constructor company",
        "content_type": 7
    },
    "model": "auth.permission",
    "pk": 20
},
{
    "fields": {
        "codename": "delete_constructorcompany",
        "name": "Can delete constructor company",
        "content_type": 7
    },
    "model": "auth.permission",
    "pk": 21
},
{
    "fields": {
        "codename": "add_property",
        "name": "Can add property",
        "content_type": 8
    },
    "model": "auth.permission",
    "pk": 22
},
{
    "fields": {
        "codename": "change_property",
        "name": "Can change property",
        "content_type": 8
    },
    "model": "auth.permission",
    "pk": 23
},
{
    "fields": {
        "codename": "delete_property",
        "name": "Can delete property",
        "content_type": 8
    },
    "model": "auth.permission",
    "pk": 24
},
{
    "fields": {
        "codename": "add_userprofile",
        "name": "Can add user profile",
        "content_type": 9
    },
    "model": "auth.permission",
    "pk": 25
},
{
    "fields": {
        "codename": "change_userprofile",
        "name": "Can change user profile",
        "content_type": 9
    },
    "model": "auth.permission",
    "pk": 26
},
{
    "fields": {
        "codename": "delete_userprofile",
        "name": "Can delete user profile",
        "content_type": 9
    },
    "model": "auth.permission",
    "pk": 27
},
{
    "fields": {
        "codename": "add_sensor",
        "name": "Can add sensor",
        "content_type": 10
    },
    "model": "auth.permission",
    "pk": 28
},
{
    "fields": {
        "codename": "change_sensor",
        "name": "Can change sensor",
        "content_type": 10
    },
    "model": "auth.permission",
    "pk": 29
},
{
    "fields": {
        "codename": "delete_sensor",
        "name": "Can delete sensor",
        "content_type": 10
    },
    "model": "auth.permission",
    "pk": 30
},
{
    "fields": {
        "codename": "add_event",
        "name": "Can add event",
        "content_type": 11
    },
    "model": "auth.permission",
    "pk": 31
},
{
    "fields": {
        "codename": "change_event",
        "name": "Can change event",
        "content_type": 11
    },
    "model": "auth.permission",
    "pk": 32
},
{
    "fields": {
        "codename": "delete_event",
        "name": "Can delete event",
        "content_type": 11
    },
    "model": "auth.permission",
    "pk": 33
},
{
    "fields": {
        "name": "usuarios",
        "permissions": []
    },
    "model": "auth.group",
    "pk": 1
},
{
    "fields": {
        "name": "constructoras",
        "permissions": []
    },
    "model": "auth.group",
    "pk": 2
},
{
    "fields": {
        "username": "lorena",
        "first_name": "Lorena",
        "last_name": "Salamanca",
        "is_active": true,
        "is_superuser": false,
        "is_staff": false,
        "last_login": "2015-04-10T18:51:41.323Z",
        "groups": [
            1
        ],
        "user_permissions": [],
        "password": "pbkdf2_sha256$15000$rhVNgD57pi8f$j8/JoCPCvyStHPjJBNeFtoqKqF1VtsNsywuRn2Xoqwo=",
        "email": "tachu.salamanca@gmail.com",
        "date_joined": "2015-04-10T18:51:41.323Z"
    },
    "model": "auth.user",
    "pk": 1
},
{
    "fields": {
        "username": "fredy",
        "first_name": "Fredy",
        "last_name": "Wilches",
        "is_active": true,
        "is_superuser": false,
        "is_staff": false,
        "last_login": "2015-04-10T18:52:02.435Z",
        "groups": [
            1
        ],
        "user_permissions": [],
        "password": "pbkdf2_sha256$15000$oyVKNnPDe3Lg$qYsZ/BUBZoi00vwQGX1fZXZaouG69SJNRk/HAF5lP/k=",
        "email": "fredy.wilches@gmail.com",
        "date_joined": "2015-04-10T18:52:02.435Z"
    },
    "model": "auth.user",
    "pk": 2
},
{
    "fields": {
        "username": "constructora",
        "first_name": "German",
        "last_name": "Bernal",
        "is_active": true,
        "is_superuser": false,
        "is_staff": false,
        "last_login": "2015-04-10T18:52:19.642Z",
        "groups": [
            2
        ],
        "user_permissions": [],
        "password": "pbkdf2_sha256$15000$zvIlbFZU7wj0$q+RqPT8p1hz46YnozZ9GLxZkkKjlIAg66y/f6ezGk0U=",
        "email": "gd.bernal10@uniandes.edu.co",
        "date_joined": "2015-04-10T18:52:19.642Z"
    },
    "model": "auth.user",
    "pk": 3
},
{
    "fields": {
        "username": "jhonatan",
        "first_name": "Jhonatan",
        "last_name": "Alarcon",
        "is_active": true,
        "is_superuser": false,
        "is_staff": false,
        "last_login": "2015-04-10T18:52:35.342Z",
        "groups": [
            1
        ],
        "user_permissions": [],
        "password": "pbkdf2_sha256$15000$Ci2En5PDcxx9$kM7j91bIWln9udij4eVk7JFZFDpufs6zB/NAzU2A3Ak=",
        "email": "jj.alarcon10@uniandes.edu.co",
        "date_joined": "2015-04-10T18:52:35.342Z"
    },
    "model": "auth.user",
    "pk": 4
},
{
    "fields": {
        "username": "cesar",
        "first_name": "Cesar",
        "last_name": "Forero",
        "is_active": true,
        "is_superuser": false,
        "is_staff": false,
        "last_login": "2015-04-10T18:52:57.560Z",
        "groups": [
            1
        ],
        "user_permissions": [],
        "password": "pbkdf2_sha256$15000$b3G4b5sHAeci$Ckaxykv3eqFiqY9GxFwaanYGkVlrCZTyHxhjBUP5rRo=",
        "email": "ca.forero10@uniandes.edu.co",
        "date_joined": "2015-04-10T18:52:57.560Z"
    },
    "model": "auth.user",
    "pk": 5
},
{
    "fields": {
        "mobile_number": "+573202036599",
        "fixed_phone_extension": 4520,
        "fixed_phone": 3363636,
        "user": 3,
        "address": "Calle 18A 3-12",
        "contact_name": "German Bernal",
        "email": "gd.bernal10@uniandes.edu.co",
        "nit": "41014101-6",
        "company_name": "Constructora Andes"
    },
    "model": "watchapp.constructorcompany",
    "pk": 1
},
{
    "fields": {
        "properties_as_owner": [
            1,
            3
        ],
        "properties_as_resident": [
            3,
            4,
            5
        ],
        "user": 1,
        "mobile_number": "+573166537244"
    },
    "model": "watchapp.userprofile",
    "pk": 1
},
{
    "fields": {
        "properties_as_owner": [
            2,
            3,
            4,
            5
        ],
        "properties_as_resident": [
            1,
            2,
            4
        ],
        "user": 2,
        "mobile_number": "+573002146240"
    },
    "model": "watchapp.userprofile",
    "pk": 2
},
{
    "fields": {
        "properties_as_owner": [],
        "properties_as_resident": [],
        "user": 3,
        "mobile_number": "+573156016907"
    },
    "model": "watchapp.userprofile",
    "pk": 3
},
{
    "fields": {
        "properties_as_owner": [
            3,
            5
        ],
        "properties_as_resident": [
            1,
            4
        ],
        "user": 4,
        "mobile_number": "+573112540450"
    },
    "model": "watchapp.userprofile",
    "pk": 4
},
{
    "fields": {
        "properties_as_owner": [
            3,
            5
        ],
        "properties_as_resident": [
            3,
            5
        ],
        "user": 5,
        "mobile_number": "+573133444068"
    },
    "model": "watchapp.userprofile",
    "pk": 5
}
]
