[
{
    "fields": {
        "model": "logentry",
        "name": "log entry",
        "app_label": "admin"
    },
    "model": "contenttypes.contenttype",
    "pk": 1
},
{
    "fields": {
        "model": "permission",
        "name": "permission",
        "app_label": "auth"
    },
    "model": "contenttypes.contenttype",
    "pk": 2
},
{
    "fields": {
        "model": "group",
        "name": "group",
        "app_label": "auth"
    },
    "model": "contenttypes.contenttype",
    "pk": 3
},
{
    "fields": {
        "model": "user",
        "name": "user",
        "app_label": "auth"
    },
    "model": "contenttypes.contenttype",
    "pk": 4
},
{
    "fields": {
        "model": "contenttype",
        "name": "content type",
        "app_label": "contenttypes"
    },
    "model": "contenttypes.contenttype",
    "pk": 5
},
{
    "fields": {
        "model": "session",
        "name": "session",
        "app_label": "sessions"
    },
    "model": "contenttypes.contenttype",
    "pk": 6
},
{
    "fields": {
        "model": "constructorcompany",
        "name": "constructor company",
        "app_label": "watchapp"
    },
    "model": "contenttypes.contenttype",
    "pk": 7
},
{
    "fields": {
        "model": "property",
        "name": "property",
        "app_label": "watchapp"
    },
    "model": "contenttypes.contenttype",
    "pk": 8
},
{
    "fields": {
        "model": "userprofile",
        "name": "user profile",
        "app_label": "watchapp"
    },
    "model": "contenttypes.contenttype",
    "pk": 9
},
{
    "fields": {
        "model": "sensor",
        "name": "sensor",
        "app_label": "watchapp"
    },
    "model": "contenttypes.contenttype",
    "pk": 10
},
{
    "fields": {
        "model": "event",
        "name": "event",
        "app_label": "watchapp"
    },
    "model": "contenttypes.contenttype",
    "pk": 11
},
{
    "fields": {
        "expire_date": "2015-04-22T16:09:14.722Z",
        "session_data": "OTI4NDY0ZjY0NDA5NTdlMTE5MTYwYTcyZjVlZjg2ZWM2ZTg5ZTI0Njp7Il9hdXRoX3VzZXJfaGFzaCI6IjdhOWI0NDRhOWQwMjg1YmFkZTVhZDk1ZWFhODcwMzdmYmI4MDZjOTMiLCJfYXV0aF91c2VyX2JhY2tlbmQiOiJkamFuZ28uY29udHJpYi5hdXRoLmJhY2tlbmRzLk1vZGVsQmFja2VuZCIsIl9hdXRoX3VzZXJfaWQiOjV9"
    },
    "model": "sessions.session",
    "pk": "4fcmjv3yjcb96hssw5pqip39wh4duxsj"
},
{
    "fields": {
        "expire_date": "2015-04-22T16:05:08.097Z",
        "session_data": "YjQ5YjU5ODlhNGQ2MjdkYWRhOGU4M2JhNDA4OTUyNzc5MmRhYTU0Njp7Il9hdXRoX3VzZXJfYmFja2VuZCI6ImRqYW5nby5jb250cmliLmF1dGguYmFja2VuZHMuTW9kZWxCYWNrZW5kIiwiX2F1dGhfdXNlcl9pZCI6MSwiX2F1dGhfdXNlcl9oYXNoIjoiNGI1NDc4ZGNhZWM3NTM2ZGY0MjcwNWI4ZjZlZTFkMGQ3OGJiOGJjMyJ9"
    },
    "model": "sessions.session",
    "pk": "5pdby57asu67id8004b6ywstu8h6gk83"
},
{
    "fields": {
        "expire_date": "2015-04-19T09:30:16.444Z",
        "session_data": "NTM4NjY4YjE0YzM4MWQ1YjlmN2Y2ODBhMTliOWQwYTEyMTY3NjVmYzp7Il9hdXRoX3VzZXJfaWQiOjEsIl9hdXRoX3VzZXJfaGFzaCI6IjRiNTQ3OGRjYWVjNzUzNmRmNDI3MDViOGY2ZWUxZDBkNzhiYjhiYzMiLCJfYXV0aF91c2VyX2JhY2tlbmQiOiJkamFuZ28uY29udHJpYi5hdXRoLmJhY2tlbmRzLk1vZGVsQmFja2VuZCJ9"
    },
    "model": "sessions.session",
    "pk": "hq1q0otjmb9cyrhpholzaf97hdv9w45w"
},
{
    "fields": {
        "expire_date": "2015-04-21T17:11:01.474Z",
        "session_data": "YjQ5YjU5ODlhNGQ2MjdkYWRhOGU4M2JhNDA4OTUyNzc5MmRhYTU0Njp7Il9hdXRoX3VzZXJfYmFja2VuZCI6ImRqYW5nby5jb250cmliLmF1dGguYmFja2VuZHMuTW9kZWxCYWNrZW5kIiwiX2F1dGhfdXNlcl9pZCI6MSwiX2F1dGhfdXNlcl9oYXNoIjoiNGI1NDc4ZGNhZWM3NTM2ZGY0MjcwNWI4ZjZlZTFkMGQ3OGJiOGJjMyJ9"
    },
    "model": "sessions.session",
    "pk": "ji1p22npjikl7nlc4oia0mmccnvnffu6"
},
{
    "fields": {
        "expire_date": "2015-04-22T03:37:24.250Z",
        "session_data": "YjQ5YjU5ODlhNGQ2MjdkYWRhOGU4M2JhNDA4OTUyNzc5MmRhYTU0Njp7Il9hdXRoX3VzZXJfYmFja2VuZCI6ImRqYW5nby5jb250cmliLmF1dGguYmFja2VuZHMuTW9kZWxCYWNrZW5kIiwiX2F1dGhfdXNlcl9pZCI6MSwiX2F1dGhfdXNlcl9oYXNoIjoiNGI1NDc4ZGNhZWM3NTM2ZGY0MjcwNWI4ZjZlZTFkMGQ3OGJiOGJjMyJ9"
    },
    "model": "sessions.session",
    "pk": "nskfa07qkpotd9gh2yo7vte8pcs4vglj"
},
{
    "fields": {
        "expire_date": "2015-04-19T00:44:00.224Z",
        "session_data": "ZjRiYmJlOGJhYmJjNjZkMmZmNWYxZTI1YjIxODExMDVkYzA2YWM3OTp7Il9hdXRoX3VzZXJfaGFzaCI6IjRiNTQ3OGRjYWVjNzUzNmRmNDI3MDViOGY2ZWUxZDBkNzhiYjhiYzMiLCJfYXV0aF91c2VyX2lkIjoxLCJfYXV0aF91c2VyX2JhY2tlbmQiOiJkamFuZ28uY29udHJpYi5hdXRoLmJhY2tlbmRzLk1vZGVsQmFja2VuZCJ9"
    },
    "model": "sessions.session",
    "pk": "sivzm1w18vfp161rwogu6cd3qv151g96"
},
{
    "fields": {
        "expire_date": "2015-04-02T18:33:51.562Z",
        "session_data": "YWJhYmU3MWRkZmI0ZGI5MTZlZGE1OGQ0OWI1NjhlZTJkZGNmNWVjYTp7Il9hdXRoX3VzZXJfaWQiOjEsIl9hdXRoX3VzZXJfYmFja2VuZCI6ImRqYW5nby5jb250cmliLmF1dGguYmFja2VuZHMuTW9kZWxCYWNrZW5kIiwiX2F1dGhfdXNlcl9oYXNoIjoiNGI1NDc4ZGNhZWM3NTM2ZGY0MjcwNWI4ZjZlZTFkMGQ3OGJiOGJjMyJ9"
    },
    "model": "sessions.session",
    "pk": "uqflad8rrwkrw0t7ekaciqzhwmtfht3h"
},
{
    "fields": {
        "name": "Edificio Aja, Apto 305",
        "constructor_company": 1,
        "is_secure_mode": true,
        "fixed_phone": "5555555",
        "plan": "http://u.jimdo.com/www50/o/sc0adaf48dd3c1e00/img/if7c260c96478fccb/1338564363/std/distribuci%C3%B3n-apartamento.png",
        "address": "Carrera 15 79-25"
    },
    "model": "watchapp.property",
    "pk": 1
},
{
    "fields": {
        "name": "Edificio Aja, Apto 304",
        "constructor_company": 1,
        "is_secure_mode": true,
        "fixed_phone": "4444444",
        "plan": "http://u.jimdo.com/www50/o/sc0adaf48dd3c1e00/img/if7c260c96478fccb/1338564363/std/distribuci%C3%B3n-apartamento.png",
        "address": "Carrera 15 79-25"
    },
    "model": "watchapp.property",
    "pk": 2
},
{
    "fields": {
        "name": "Edificio Aja, Apto 303",
        "constructor_company": 1,
        "is_secure_mode": false,
        "fixed_phone": "3333333",
        "plan": "http://u.jimdo.com/www50/o/sc0adaf48dd3c1e00/img/if7c260c96478fccb/1338564363/std/distribuci%C3%B3n-apartamento.png",
        "address": "Carrera 15 79-25"
    },
    "model": "watchapp.property",
    "pk": 3
},
{
    "fields": {
        "name": "Edificio Aja, Apto 302",
        "constructor_company": 1,
        "is_secure_mode": false,
        "fixed_phone": "2222222",
        "plan": "http://u.jimdo.com/www50/o/sc0adaf48dd3c1e00/img/if7c260c96478fccb/1338564363/std/distribuci%C3%B3n-apartamento.png",
        "address": "Carrera 15 79-25"
    },
    "model": "watchapp.property",
    "pk": 4
},
{
    "fields": {
        "name": "Edificio Aja, Apto 301",
        "constructor_company": 1,
        "is_secure_mode": true,
        "fixed_phone": "1111111",
        "plan": "http://u.jimdo.com/www50/o/sc0adaf48dd3c1e00/img/if7c260c96478fccb/1338564363/std/distribuci%C3%B3n-apartamento.png",
        "address": "Carrera 15 79-25"
    },
    "model": "watchapp.property",
    "pk": 5
},
{
    "fields": {
        "code": "m-28",
        "description": "Sensor de Movimiento",
        "location_in_plan": "4",
        "value": "2",
        "property": 1,
        "type": "0",
        "is_discrete": true
    },
    "model": "watchapp.sensor",
    "pk": 32
},
{
    "fields": {
        "code": "l-26",
        "description": "Actuador de Luz",
        "location_in_plan": "291",
        "value": "1",
        "property": 1,
        "type": "1",
        "is_discrete": true
    },
    "model": "watchapp.sensor",
    "pk": 33
},
{
    "fields": {
        "code": "p-21",
        "description": "Sensor de Puertas",
        "location_in_plan": "177",
        "value": "0",
        "property": 1,
        "type": "0",
        "is_discrete": true
    },
    "model": "watchapp.sensor",
    "pk": 34
},
{
    "fields": {
        "code": "h-24",
        "description": "Sensor de Humo",
        "location_in_plan": "58",
        "value": "0",
        "property": 1,
        "type": "0",
        "is_discrete": true
    },
    "model": "watchapp.sensor",
    "pk": 35
},
{
    "fields": {
        "code": "p-21",
        "description": "Sensor de Puertas",
        "location_in_plan": "109",
        "value": "4",
        "property": 1,
        "type": "0",
        "is_discrete": true
    },
    "model": "watchapp.sensor",
    "pk": 36
},
{
    "fields": {
        "code": "t-27",
        "description": "Actuador de Temperatura",
        "location_in_plan": "51",
        "value": "1",
        "property": 1,
        "type": "1",
        "is_discrete": true
    },
    "model": "watchapp.sensor",
    "pk": 37
},
{
    "fields": {
        "code": "m-28",
        "description": "Sensor de Movimiento",
        "location_in_plan": "4",
        "value": "2",
        "property": 2,
        "type": "0",
        "is_discrete": true
    },
    "model": "watchapp.sensor",
    "pk": 38
},
{
    "fields": {
        "code": "l-26",
        "description": "Actuador de Luz",
        "location_in_plan": "292",
        "value": "2",
        "property": 2,
        "type": "2",
        "is_discrete": true
    },
    "model": "watchapp.sensor",
    "pk": 39
},
{
    "fields": {
        "code": "p-22",
        "description": "Sensor de Puertas",
        "location_in_plan": "277",
        "value": "0",
        "property": 2,
        "type": "0",
        "is_discrete": true
    },
    "model": "watchapp.sensor",
    "pk": 40
},
{
    "fields": {
        "code": "h-24",
        "description": "Sensor de Humo",
        "location_in_plan": "58",
        "value": "0",
        "property": 2,
        "type": "0",
        "is_discrete": true
    },
    "model": "watchapp.sensor",
    "pk": 41
},
{
    "fields": {
        "code": "p-22",
        "description": "Sensor de Puertas",
        "location_in_plan": "209",
        "value": "4",
        "property": 2,
        "type": "0",
        "is_discrete": true
    },
    "model": "watchapp.sensor",
    "pk": 42
},
{
    "fields": {
        "code": "t-27",
        "description": "Actuador de Temperatura",
        "location_in_plan": "52",
        "value": "2",
        "property": 2,
        "type": "2",
        "is_discrete": true
    },
    "model": "watchapp.sensor",
    "pk": 43
},
{
    "fields": {
        "code": "m-28",
        "description": "Sensor de Movimiento",
        "location_in_plan": "4",
        "value": "2",
        "property": 3,
        "type": "0",
        "is_discrete": true
    },
    "model": "watchapp.sensor",
    "pk": 44
},
{
    "fields": {
        "code": "l-26",
        "description": "Actuador de Luz",
        "location_in_plan": "293",
        "value": "3",
        "property": 3,
        "type": "1",
        "is_discrete": true
    },
    "model": "watchapp.sensor",
    "pk": 45
},
{
    "fields": {
        "code": "p-23",
        "description": "Sensor de Puertas",
        "location_in_plan": "177",
        "value": "0",
        "property": 3,
        "type": "0",
        "is_discrete": true
    },
    "model": "watchapp.sensor",
    "pk": 46
},
{
    "fields": {
        "code": "h-24",
        "description": "Sensor de Humo",
        "location_in_plan": "58",
        "value": "0",
        "property": 3,
        "type": "0",
        "is_discrete": true
    },
    "model": "watchapp.sensor",
    "pk": 47
},
{
    "fields": {
        "code": "p-21",
        "description": "Sensor de Puertas",
        "location_in_plan": "109",
        "value": "4",
        "property": 3,
        "type": "0",
        "is_discrete": true
    },
    "model": "watchapp.sensor",
    "pk": 48
},
{
    "fields": {
        "code": "t-27",
        "description": "Actuador de Temperatura",
        "location_in_plan": "51",
        "value": "3",
        "property": 3,
        "type": "1",
        "is_discrete": true
    },
    "model": "watchapp.sensor",
    "pk": 49
},
{
    "fields": {
        "code": "m-28",
        "description": "Sensor de Movimiento",
        "location_in_plan": "4",
        "value": "2",
        "property": 4,
        "type": "0",
        "is_discrete": true
    },
    "model": "watchapp.sensor",
    "pk": 50
},
{
    "fields": {
        "code": "l-26",
        "description": "Actuador de Luz",
        "location_in_plan": "294",
        "value": "4",
        "property": 4,
        "type": "1",
        "is_discrete": true
    },
    "model": "watchapp.sensor",
    "pk": 51
},
{
    "fields": {
        "code": "p-24",
        "description": "Sensor de Puertas",
        "location_in_plan": "177",
        "value": "0",
        "property": 4,
        "type": "0",
        "is_discrete": true
    },
    "model": "watchapp.sensor",
    "pk": 52
},
{
    "fields": {
        "code": "h-24",
        "description": "Sensor de Humo",
        "location_in_plan": "58",
        "value": "0",
        "property": 4,
        "type": "0",
        "is_discrete": true
    },
    "model": "watchapp.sensor",
    "pk": 53
},
{
    "fields": {
        "code": "p-21",
        "description": "Sensor de Puertas",
        "location_in_plan": "109",
        "value": "4",
        "property": 4,
        "type": "0",
        "is_discrete": true
    },
    "model": "watchapp.sensor",
    "pk": 54
},
{
    "fields": {
        "code": "t-27",
        "description": "Actuador de Temperatura",
        "location_in_plan": "51",
        "value": "4",
        "property": 4,
        "type": "1",
        "is_discrete": true
    },
    "model": "watchapp.sensor",
    "pk": 55
},
{
    "fields": {
        "code": "m-28",
        "description": "Sensor de Movimiento",
        "location_in_plan": "5",
        "value": "2",
        "property": 5,
        "type": "0",
        "is_discrete": true
    },
    "model": "watchapp.sensor",
    "pk": 56
},
{
    "fields": {
        "code": "l-26",
        "description": "Actuador de Luz",
        "location_in_plan": "295",
        "value": "5",
        "property": 5,
        "type": "1",
        "is_discrete": true
    },
    "model": "watchapp.sensor",
    "pk": 57
},
{
    "fields": {
        "code": "p-25",
        "description": "Sensor de Puertas",
        "location_in_plan": "177",
        "value": "0",
        "property": 5,
        "type": "0",
        "is_discrete": true
    },
    "model": "watchapp.sensor",
    "pk": 58
},
{
    "fields": {
        "code": "h-25",
        "description": "Sensor de Humo",
        "location_in_plan": "58",
        "value": "0",
        "property": 5,
        "type": "0",
        "is_discrete": true
    },
    "model": "watchapp.sensor",
    "pk": 59
},
{
    "fields": {
        "code": "p-21",
        "description": "Sensor de Puertas",
        "location_in_plan": "109",
        "value": "1",
        "property": 5,
        "type": "0",
        "is_discrete": true
    },
    "model": "watchapp.sensor",
    "pk": 60
},
{
    "fields": {
        "code": "t-27",
        "description": "Actuador de Temperatura",
        "location_in_plan": "51",
        "value": "5",
        "property": 5,
        "type": "1",
        "is_discrete": true
    },
    "model": "watchapp.sensor",
    "pk": 61
},
{
    "fields": {
        "codename": "add_logentry",
        "name": "Can add log entry",
        "content_type": 1
    },
    "model": "auth.permission",
    "pk": 1
},
{
    "fields": {
        "codename": "change_logentry",
        "name": "Can change log entry",
        "content_type": 1
    },
    "model": "auth.permission",
    "pk": 2
},
{
    "fields": {
        "codename": "delete_logentry",
        "name": "Can delete log entry",
        "content_type": 1
    },
    "model": "auth.permission",
    "pk": 3
},
{
    "fields": {
        "codename": "add_permission",
        "name": "Can add permission",
        "content_type": 2
    },
    "model": "auth.permission",
    "pk": 4
},
{
    "fields": {
        "codename": "change_permission",
        "name": "Can change permission",
        "content_type": 2
    },
    "model": "auth.permission",
    "pk": 5
},
{
    "fields": {
        "codename": "delete_permission",
        "name": "Can delete permission",
        "content_type": 2
    },
    "model": "auth.permission",
    "pk": 6
},
{
    "fields": {
        "codename": "add_group",
        "name": "Can add group",
        "content_type": 3
    },
    "model": "auth.permission",
    "pk": 7
},
{
    "fields": {
        "codename": "change_group",
        "name": "Can change group",
        "content_type": 3
    },
    "model": "auth.permission",
    "pk": 8
},
{
    "fields": {
        "codename": "delete_group",
        "name": "Can delete group",
        "content_type": 3
    },
    "model": "auth.permission",
    "pk": 9
},
{
    "fields": {
        "codename": "add_user",
        "name": "Can add user",
        "content_type": 4
    },
    "model": "auth.permission",
    "pk": 10
},
{
    "fields": {
        "codename": "change_user",
        "name": "Can change user",
        "content_type": 4
    },
    "model": "auth.permission",
    "pk": 11
},
{
    "fields": {
        "codename": "delete_user",
        "name": "Can delete user",
        "content_type": 4
    },
    "model": "auth.permission",
    "pk": 12
},
{
    "fields": {
        "codename": "add_contenttype",
        "name": "Can add content type",
        "content_type": 5
    },
    "model": "auth.permission",
    "pk": 13
},
{
    "fields": {
        "codename": "change_contenttype",
        "name": "Can change content type",
        "content_type": 5
    },
    "model": "auth.permission",
    "pk": 14
},
{
    "fields": {
        "codename": "delete_contenttype",
        "name": "Can delete content type",
        "content_type": 5
    },
    "model": "auth.permission",
    "pk": 15
},
{
    "fields": {
        "codename": "add_session",
        "name": "Can add session",
        "content_type": 6
    },
    "model": "auth.permission",
    "pk": 16
},
{
    "fields": {
        "codename": "change_session",
        "name": "Can change session",
        "content_type": 6
    },
    "model": "auth.permission",
    "pk": 17
},
{
    "fields": {
        "codename": "delete_session",
        "name": "Can delete session",
        "content_type": 6
    },
    "model": "auth.permission",
    "pk": 18
},
{
    "fields": {
        "codename": "add_constructorcompany",
        "name": "Can add constructor company",
        "content_type": 7
    },
    "model": "auth.permission",
    "pk": 19
},
{
    "fields": {
        "codename": "change_constructorcompany",
        "name": "Can change constructor company",
        "content_type": 7
    },
    "model": "auth.permission",
    "pk": 20
},
{
    "fields": {
        "codename": "delete_constructorcompany",
        "name": "Can delete constructor company",
        "content_type": 7
    },
    "model": "auth.permission",
    "pk": 21
},
{
    "fields": {
        "codename": "add_property",
        "name": "Can add property",
        "content_type": 8
    },
    "model": "auth.permission",
    "pk": 22
},
{
    "fields": {
        "codename": "change_property",
        "name": "Can change property",
        "content_type": 8
    },
    "model": "auth.permission",
    "pk": 23
},
{
    "fields": {
        "codename": "delete_property",
        "name": "Can delete property",
        "content_type": 8
    },
    "model": "auth.permission",
    "pk": 24
},
{
    "fields": {
        "codename": "add_userprofile",
        "name": "Can add user profile",
        "content_type": 9
    },
    "model": "auth.permission",
    "pk": 25
},
{
    "fields": {
        "codename": "change_userprofile",
        "name": "Can change user profile",
        "content_type": 9
    },
    "model": "auth.permission",
    "pk": 26
},
{
    "fields": {
        "codename": "delete_userprofile",
        "name": "Can delete user profile",
        "content_type": 9
    },
    "model": "auth.permission",
    "pk": 27
},
{
    "fields": {
        "codename": "add_sensor",
        "name": "Can add sensor",
        "content_type": 10
    },
    "model": "auth.permission",
    "pk": 28
},
{
    "fields": {
        "codename": "change_sensor",
        "name": "Can change sensor",
        "content_type": 10
    },
    "model": "auth.permission",
    "pk": 29
},
{
    "fields": {
        "codename": "delete_sensor",
        "name": "Can delete sensor",
        "content_type": 10
    },
    "model": "auth.permission",
    "pk": 30
},
{
    "fields": {
        "codename": "add_event",
        "name": "Can add event",
        "content_type": 11
    },
    "model": "auth.permission",
    "pk": 31
},
{
    "fields": {
        "codename": "change_event",
        "name": "Can change event",
        "content_type": 11
    },
    "model": "auth.permission",
    "pk": 32
},
{
    "fields": {
        "codename": "delete_event",
        "name": "Can delete event",
        "content_type": 11
    },
    "model": "auth.permission",
    "pk": 33
},
{
    "fields": {
        "name": "usuarios",
        "permissions": []
    },
    "model": "auth.group",
    "pk": 1
},
{
    "fields": {
        "name": "constructoras",
        "permissions": []
    },
    "model": "auth.group",
    "pk": 2
},
{
    "fields": {
        "username": "lorena",
        "first_name": "Lorena",
        "last_name": "Salamanca",
        "is_active": true,
        "is_superuser": false,
        "is_staff": false,
        "last_login": "2015-04-08T16:05:08.093Z",
        "groups": [
            1
        ],
        "user_permissions": [],
        "password": "pbkdf2_sha256$15000$xexmwgEbRUi4$+0LVoQkIRIw5rQJZhMslVhL8WQ+NP4sk3v4t0JnxUPI=",
        "email": "tachu.salamanca@gmail.com",
        "date_joined": "2015-03-18T22:07:22.406Z"
    },
    "model": "auth.user",
    "pk": 1
},
{
    "fields": {
        "username": "fredy",
        "first_name": "Fredy",
        "last_name": "Wilches",
        "is_active": true,
        "is_superuser": false,
        "is_staff": false,
        "last_login": "2015-03-18T22:07:14.239Z",
        "groups": [
            1
        ],
        "user_permissions": [],
        "password": "pbkdf2_sha256$15000$iMbs1Yrx2NA3$yerDuaFLy0KLsoCkUQBcXeY5dSgE+6C82Wv2/R4BIGU=",
        "email": "fredy.wilches@gmail.com",
        "date_joined": "2015-03-18T22:07:14.239Z"
    },
    "model": "auth.user",
    "pk": 2
},
{
    "fields": {
        "username": "constructora",
        "first_name": "German",
        "last_name": "Bernal",
        "is_active": true,
        "is_superuser": false,
        "is_staff": false,
        "last_login": "2015-03-18T22:07:00.848Z",
        "groups": [
            2
        ],
        "user_permissions": [],
        "password": "pbkdf2_sha256$15000$ds1L6K8ATfRy$rmLYc2juRr1U42On4oBOprriyoXcFHudn6Yng7e17Ec=",
        "email": "gdbs887@gmail.com",
        "date_joined": "2015-03-18T22:07:00.848Z"
    },
    "model": "auth.user",
    "pk": 3
},
{
    "fields": {
        "username": "jhonatan",
        "first_name": "Jhonatan",
        "last_name": "Alarcon",
        "is_active": true,
        "is_superuser": false,
        "is_staff": false,
        "last_login": "2015-04-08T16:01:33.449Z",
        "groups": [
            1
        ],
        "user_permissions": [],
        "password": "pbkdf2_sha256$15000$znczoXbNqfwe$7+8cQXd1BMfMwto7QJGBh7iEtYyBnERIGQvF4g+9Lno=",
        "email": "jj.alarcon10@uniandes.edu.co",
        "date_joined": "2015-04-08T15:57:56.239Z"
    },
    "model": "auth.user",
    "pk": 4
},
{
    "fields": {
        "username": "cesar",
        "first_name": "Cesar",
        "last_name": "Forero",
        "is_active": true,
        "is_superuser": false,
        "is_staff": false,
        "last_login": "2015-04-08T16:09:14.468Z",
        "groups": [
            1
        ],
        "user_permissions": [],
        "password": "pbkdf2_sha256$15000$8jpiYfH3XynV$DxSp+v5JXDdiHKKu0gWFR1ljXRklTnvwlu45T5GE4KA=",
        "email": "ca.forero10@uniandes.edu.co",
        "date_joined": "2015-04-08T15:58:08.373Z"
    },
    "model": "auth.user",
    "pk": 5
},
{
    "fields": {
        "mobile_number": "+573202036599",
        "fixed_phone_extension": 4520,
        "fixed_phone": 3363636,
        "user": 3,
        "address": "Calle 18A 3-12",
        "contact_name": "German Bernal",
        "email": "gd.bernal10@uniandes.edu.co",
        "nit": "41014101-6",
        "company_name": "Constructora Andes"
    },
    "model": "watchapp.constructorcompany",
    "pk": 1
},
{
    "fields": {
        "properties_as_owner": [
            1,
            3
        ],
        "properties_as_resident": [
            5,
            4,
            3
        ],
        "user": 1,
        "mobile_number": "+573166537244"
    },
    "model": "watchapp.userprofile",
    "pk": 1
},
{
    "fields": {
        "properties_as_owner": [
            5,
            4,
            2,
            3
        ],
        "properties_as_resident": [
            4,
            2,
            1
        ],
        "user": 2,
        "mobile_number": "+573002146240"
    },
    "model": "watchapp.userprofile",
    "pk": 2
},
{
    "fields": {
        "properties_as_owner": [],
        "properties_as_resident": [],
        "user": 3,
        "mobile_number": "+573156016907"
    },
    "model": "watchapp.userprofile",
    "pk": 3
},
{
    "fields": {
        "properties_as_owner": [
            5,
            3
        ],
        "properties_as_resident": [
            4,
            1
        ],
        "user": 4,
        "mobile_number": "+573112540450"
    },
    "model": "watchapp.userprofile",
    "pk": 4
},
{
    "fields": {
        "properties_as_owner": [
            5,
            3
        ],
        "properties_as_resident": [
            5,
            3
        ],
        "user": 5,
        "mobile_number": "+573133444068"
    },
    "model": "watchapp.userprofile",
    "pk": 5
}
]
